{"FedAvg/loss":0.3748411380339679,"EBM/loss":0.3728814826566665,"round":50,"WCM/accuracy":0.8133571428571429,"Centralized/train_accuracy":0.8512321428571429,"_step":299,"FedAvg/accuracy":0.8492142857142857,"_wandb":{"runtime":110},"_runtime":79.026933753,"EBM/accuracy":0.8497142857142858,"WCM/loss":0.5462804129746122,"centralized/loss":0.24999710164306857,"_timestamp":1.7483605767446966e+09,"epoch":50}