{"epoch":50,"_timestamp":1.7485719702545445e+09,"FedAvg/accuracy":0.8492142857142857,"WCM/accuracy":0.8122857142857143,"centralized/loss":0.25029633044221644,"FedAvg/loss":0.3758040557778085,"_wandb":{"runtime":32},"round":50,"WCM/loss":0.5948616653813105,"Centralized/train_accuracy":0.8500357142857143,"_runtime":32.039307879,"_step":149}