{"Centralized/train_accuracy":0.8363035714285715,"centralized/loss":0.28831973571442565,"_timestamp":1.7485724944073803e+09,"_runtime":6.687498303,"_step":22,"_wandb":{"runtime":7},"epoch":23}