{"centralized/loss":0.2500080996180674,"_wandb":{"runtime":13},"_timestamp":1.7483607608894265e+09,"_runtime":11.568402586,"_step":49,"epoch":50,"Centralized/train_accuracy":0.85075}