{"_runtime":4.810693058,"_wandb":{"runtime":5},"_step":8,"epoch":9,"Centralized/train_accuracy":0.8209285714285715,"centralized/loss":0.3761996264556698,"_timestamp":1.748362049841331e+09}