{"_step":49,"epoch":50,"Centralized/train_accuracy":0.8506964285714286,"centralized/loss":0.24977261515872365,"_timestamp":1.7483631202609484e+09,"_runtime":12.4703226,"_wandb":{"runtime":16}}